{
    "calibration_date": "2024-02-02 08:16:08.637649",
    "camera_resolution": {
        "rows": 2,
        "cols": 1,
        "dt": "d",
        "data": [
            1200.0,
            1600.0
        ]
    },
    "camera_matrix": {
        "rows": 3,
        "cols": 3,
        "dt": "d",
        "data": [
            908.945795215905,
            0.0,
            832.3566585436824,
            0.0,
            908.8800399632747,
            642.3834208766789,
            0.0,
            0.0,
            1.0
        ]
    },
    "distortion_coefficients": {
        "rows": 1,
        "cols": 5,
        "dt": "d",
        "data": [
            0.06614003832634875,
            -0.11033888349393227,
            -0.0015829980838246314,
            -0.0007630662221443772,
            0.04210206978454543
        ]
    }
}